{"cameraMode":{"drawMode":0,"name":"Shaded","section":"Shading Mode"},"sceneLighting":false,"audioPlay":false,"sceneViewState":{"showFog":false,"showMaterialUpdate":false,"showSkybox":false,"showFlares":false,"showImageEffects":false,"showParticleSystems":false},"in2DMode":false,"pivot":{"x":18.42351722717285,"y":-6.7103681564331059,"z":-12.834614753723145},"rotation":{"x":0.055068500339984897,"y":-0.9434422850608826,"z":0.2568538188934326,"w":0.20227067172527314},"size":110.68609619140625,"orthographic":false}