{"cameraMode":{"drawMode":0,"name":"Shaded","section":"Shading Mode"},"sceneLighting":false,"audioPlay":false,"sceneViewState":{"showFog":false,"showMaterialUpdate":false,"showSkybox":false,"showFlares":false,"showImageEffects":false,"showParticleSystems":false},"in2DMode":false,"pivot":{"x":1003.2030029296875,"y":683.6749877929688,"z":23.521888732910158},"rotation":{"x":0.3826936185359955,"y":-0.4321734309196472,"z":0.20956385135650636,"w":0.7892114520072937},"size":2040.9541015625,"orthographic":true}