{"cameraMode":{"drawMode":0,"name":"Shaded","section":"Shading Mode"},"sceneLighting":true,"audioPlay":false,"sceneViewState":{"showFog":false,"showMaterialUpdate":false,"showSkybox":false,"showFlares":false,"showImageEffects":false,"showParticleSystems":false},"in2DMode":false,"pivot":{"x":-11.379874229431153,"y":3.6759681701660158,"z":-19.25046157836914},"rotation":{"x":0.24246056377887727,"y":0.6276374459266663,"z":-0.214982271194458,"w":0.70786452293396},"size":6.535238742828369,"orthographic":true}